City,Latitude,Longtitude,Max Temperature,Humidity,Cloudiness,Wind Speed,Time of Data,Country Code
Iberia,29.95,-91.75,89.6,70,20,12.75,1596059127,US
Busselton,-33.65,115.33,46.99,92,79,5.19,1596059127,AU
Mudgee,-32.59,149.59,36.0,93,0,3.36,1596059127,AU
Ushuaia,-54.8,-68.3,39.2,92,75,28.86,1596059083,AR
Saint-Philippe,-21.36,55.77,66.2,88,8,4.7,1596059128,RE
Cap Malheureux,-19.98,57.61,71.01,77,44,5.01,1596059128,MU
Qaanaaq,77.48,-69.36,43.57,67,1,3.36,1596059128,GL
Turukhansk,65.82,87.98,58.89,81,96,11.43,1596059129,RU
Barrow,71.29,-156.79,44.6,81,90,25.28,1596059129,US
East London,-33.02,27.91,59.29,69,0,7.7,1596059129,ZA
Norman Wells,65.28,-126.83,60.8,82,90,6.93,1596059130,CA
Saldanha,-33.01,17.94,50.0,87,0,2.24,1596059130,ZA
Burnie,-41.07,145.92,46.0,80,11,1.01,1596059130,AU
Punta Arenas,-53.15,-70.92,39.2,80,75,11.41,1596059130,CL
Labuhan,-6.88,112.21,72.64,78,99,9.35,1596059131,ID
Hong Kong,22.29,114.16,84.0,83,100,4.0,1596059014,HK
Bobo-Dioulasso,11.18,-4.3,80.6,78,0,6.93,1596059131,BF
Auki,-8.77,160.7,82.6,74,93,2.75,1596059132,SB
Tuktoyaktuk,69.45,-133.04,53.6,76,75,8.05,1596059132,CA
Yellowknife,62.46,-114.35,71.01,56,75,10.29,1596059132,CA
Mar del Plata,-38.0,-57.56,51.8,57,0,5.82,1596059133,AR
Oranjestad,12.52,-70.03,86.0,74,40,12.75,1596058990,AW
Socorro,31.65,-106.3,100.4,20,40,4.7,1596059133,US
Longyearbyen,78.22,15.64,55.4,76,20,6.93,1596059133,SJ
Clyde River,70.47,-68.59,41.0,93,75,12.75,1596059134,CA
Hermanus,-34.42,19.23,59.0,80,11,1.01,1596059134,ZA
Vestmanna,62.16,-7.17,46.4,93,94,18.34,1596059134,FO
Saint George,37.1,-113.58,106.0,7,1,9.17,1596059135,US
Ishigaki,24.34,124.16,84.2,94,75,11.41,1596059135,JP
Khanna,30.7,76.22,80.6,100,75,12.75,1596059135,IN
Lebu,-37.62,-73.65,45.91,71,100,2.77,1596059135,CL
Saint-Louis,16.33,-15.0,89.6,46,40,6.93,1596059136,SN
Vestmannaeyjar,63.44,-20.27,52.56,86,16,4.59,1596059136,IS
Ust'-Omchug,61.15,149.63,50.13,58,84,9.89,1596059136,RU
Cape Town,-33.93,18.42,57.99,100,75,4.7,1596058958,ZA
Kapaa,22.08,-159.32,80.01,78,90,16.11,1596059137,US
Chanika,-5.42,38.02,62.58,99,16,1.61,1596059137,TZ
Ostrovnoy,68.05,39.51,49.46,89,0,13.18,1596059137,RU
Rikitea,-23.12,-134.97,73.13,82,61,14.36,1596059069,PF
Atuona,-9.8,-139.03,78.87,76,8,20.67,1596059138,PF
Upernavik,72.79,-56.15,43.2,87,49,5.35,1596059138,GL
Hobart,-42.88,147.33,46.99,70,20,9.17,1596059055,AU
Kruisfontein,-34.0,24.73,52.2,70,0,11.16,1596059139,ZA
Saskylakh,71.92,114.08,52.57,69,0,4.41,1596059139,RU
Honiara,-9.43,159.95,75.2,100,75,4.7,1596059139,SB
Faya,18.39,42.45,64.4,100,40,8.05,1596059140,SA
Russell,32.35,-85.2,84.99,88,1,9.17,1596059140,US
Antofagasta,-23.65,-70.4,59.0,67,62,10.29,1596059140,CL
San Patricio,19.22,-104.7,89.6,75,75,11.41,1596059140,MX
Mataura,-46.19,168.86,50.54,80,100,3.51,1596059141,NZ
Port Alfred,-33.59,26.89,57.72,73,0,14.97,1596059141,ZA
Sur,22.57,59.53,92.75,53,92,11.97,1596059141,OM
Ulladulla,-35.35,150.47,48.99,93,0,9.17,1596059141,AU
Ribeira Grande,38.52,-28.7,75.2,88,40,16.11,1596059142,PT
La Grande,45.32,-118.09,93.99,24,1,4.7,1596059142,US
São Raimundo Nonato,-9.02,-42.7,75.43,48,0,4.0,1596059142,BR
Laibin,23.7,109.27,79.83,84,100,1.48,1596058952,CN
Albany,42.6,-73.97,84.99,41,12,4.14,1596059143,US
Kaitangata,-46.28,169.85,48.0,80,100,3.0,1596059143,NZ
Arkadak,51.93,43.5,67.24,48,2,5.57,1596059143,RU
Puerto Ayora,-0.74,-90.35,75.2,64,20,21.92,1596059143,EC
Paso de Carrasco,-34.86,-56.05,48.2,61,0,4.7,1596059144,UY
Lüderitz,-26.65,15.16,57.2,71,0,10.29,1596059144,NA
Ponta do Sol,32.67,-17.1,71.6,64,40,10.29,1596059144,PT
Vaini,-21.2,-175.2,69.8,77,40,16.11,1596059144,TO
Narsaq,60.92,-46.05,57.2,71,40,10.29,1596059144,GL
Nampula,-15.12,39.27,60.76,98,12,4.41,1596059145,MZ
Hofn,64.25,-15.21,51.85,81,16,2.26,1596059145,IS
Castro,-24.79,-50.01,55.26,97,100,5.97,1596059145,BR
Kloulklubed,7.04,134.26,77.0,94,90,5.82,1596059145,PW
Artvin Province,41.17,41.83,71.6,88,27,11.41,1596059140,TR
Bambous Virieux,-20.34,57.76,71.6,83,40,10.29,1596059146,MU
Lompoc,34.64,-120.46,71.01,72,6,16.11,1596059146,US
Dryden,49.78,-92.75,71.6,56,40,10.29,1596059146,CA
Naze,28.37,129.48,84.2,83,20,6.93,1596059147,JP
Juwana,-6.71,111.15,68.54,83,60,7.65,1596059147,ID
Chara,56.91,118.26,62.6,80,94,3.4,1596059147,RU
Torbay,47.67,-52.73,57.99,87,40,5.82,1596059148,CA
Nikel,69.41,30.22,53.6,87,20,10.29,1596059148,RU
Tirumullaivāsal,11.23,79.83,79.77,73,100,13.6,1596059148,IN
Siniscola,40.57,9.69,78.8,69,0,2.24,1596059148,IT
High Level,58.52,-117.14,71.6,53,75,2.24,1596059149,CA
Carnarvon,-24.87,113.63,55.4,100,0,8.05,1596059149,AU
Leh,34.17,77.58,59.54,45,76,2.8,1596058963,IN
George Town,5.41,100.34,80.6,88,20,2.24,1596059018,MY
Araouane,18.9,-3.53,93.33,35,10,8.97,1596059150,ML
Beloha,-25.17,45.05,61.59,92,3,5.37,1596059150,MG
Dikson,73.51,80.55,49.55,75,58,9.01,1596059150,RU
San Fernando del Valle de Catamarca,-28.47,-65.79,59.0,39,62,4.0,1596059150,AR
Aquiraz,-3.9,-38.39,80.6,74,9,12.75,1596059151,BR
Coyhaique,-45.58,-72.07,39.2,69,99,2.64,1596059051,CL
Boone,39.03,-92.33,80.6,88,90,9.17,1596059151,US
Prince George,53.92,-122.75,79.0,37,1,2.24,1596059152,CA
Verāval,20.9,70.37,83.93,81,100,12.88,1596059152,IN
Wilmington,34.23,-77.94,84.99,83,75,3.36,1596058921,US
Jamestown,42.1,-79.24,75.99,78,90,6.93,1596059061,US
Ancud,-41.87,-73.82,46.99,81,99,4.7,1596059000,CL
Belaya Gora,68.53,146.42,48.18,61,99,8.97,1596059153,RU
Dingle,11.0,122.67,76.28,90,76,7.09,1596059153,PH
Kovdor,67.57,30.48,54.27,81,44,10.47,1596059154,RU
Nantucket,41.28,-70.1,73.4,73,1,10.29,1596059154,US
High Prairie,55.43,-116.49,75.61,59,100,2.06,1596059154,CA
Katsuura,35.13,140.3,71.01,88,75,11.41,1596059154,JP
Bluff,-46.6,168.33,52.74,75,100,13.89,1596059155,NZ
Comodoro Rivadavia,-45.87,-67.5,44.6,52,47,10.29,1596059155,AR
Bajil,15.06,43.29,86.0,67,100,8.37,1596059155,YE
Taoudenni,22.68,-3.98,98.85,24,3,10.4,1596059155,ML
Tuatapere,-46.13,167.68,53.11,75,100,7.67,1596059155,NZ
Vardø,70.37,31.11,51.8,93,40,28.86,1596059156,NO
Sayyan,15.17,44.32,61.03,81,86,4.09,1596059156,YE
Sliven,42.69,26.33,80.6,44,20,6.93,1596059156,BG
Port Elizabeth,-33.92,25.57,59.0,67,0,10.29,1596059106,ZA
Nemuro,43.32,145.57,62.37,90,3,11.56,1596059157,JP
Carutapera,-1.2,-46.02,76.95,86,0,4.27,1596059147,BR
Pevek,69.7,170.31,37.06,92,100,3.83,1596059157,RU
Lorengau,-2.02,147.27,82.8,67,23,4.7,1596059158,PG
Solnechnyy,50.72,136.63,76.98,76,12,2.71,1596059158,RU
Esperance,-33.87,121.9,48.2,87,0,12.75,1596059158,AU
Half Moon Bay,37.46,-122.43,75.0,82,75,8.05,1596059158,US
Simao,22.79,100.97,63.5,94,26,0.11,1596059159,CN
Conde,-7.26,-34.91,73.4,94,75,8.05,1596058901,BR
Henties Bay,-22.12,14.28,57.0,88,0,5.91,1596059159,NA
Hilo,19.73,-155.09,82.4,58,1,8.05,1596059159,US
Funtua,11.52,7.31,72.64,92,5,8.66,1596059160,NG
Vikulovo,56.82,70.61,49.19,78,17,1.9,1596059160,RU
Thompson,55.74,-97.86,75.2,53,40,6.93,1596059160,CA
Chokurdakh,70.63,147.92,44.01,67,69,10.74,1596059160,RU
Quelimane,-17.88,36.89,68.0,82,0,3.44,1596059161,MZ
Aykhal,66.0,111.5,50.0,76,100,6.71,1596059161,RU
Pawāyan,28.07,80.1,77.56,95,100,5.97,1596059161,IN
Mount Isa,-20.73,139.5,59.0,41,0,9.17,1596059162,AU
Goma,-1.68,29.22,63.91,64,18,1.77,1596059162,CD
Paamiut,61.99,-49.67,48.25,89,86,1.3,1596059162,GL
Barcelona,41.39,2.16,78.8,78,20,2.24,1596059049,ES
Khani,41.96,42.96,69.8,94,40,3.36,1596059163,GE
Issenye,-2.0,34.33,70.12,64,84,4.92,1596059163,TZ
Khatanga,71.97,102.5,57.85,64,100,12.44,1596059163,RU
La Rioja,42.25,-2.5,78.8,57,0,1.12,1596059163,ES
Sørland,67.67,12.69,66.2,63,82,6.93,1596059164,NO
Richards Bay,-28.78,32.04,65.89,78,81,4.81,1596059164,ZA
Avarua,-21.21,-159.78,73.4,69,51,8.05,1596059164,CK
New Norfolk,-42.78,147.06,46.99,79,19,4.0,1596059164,AU
Hurricane,37.18,-113.29,106.0,8,0,5.01,1596059165,US
Nanortalik,60.14,-45.24,46.83,89,60,8.34,1596059165,GL
Astoria,46.19,-123.83,80.01,57,1,10.29,1596059103,US
Chui,-33.7,-53.46,43.79,79,0,2.28,1596059165,UY
Bien Hoa,10.95,106.82,78.8,88,40,2.24,1596059166,VN
Mercedes,-34.65,-59.43,51.01,58,0,4.05,1596059166,AR
Nóvita,4.96,-76.61,80.44,85,61,3.36,1596059166,CO
Los Llanos de Aridane,28.66,-17.92,73.4,73,20,16.11,1596059166,ES
Mahébourg,-20.41,57.7,71.6,83,40,10.29,1596059167,MU
Volosovo,59.43,29.48,59.0,82,11,4.47,1596059167,RU
Fairbanks,64.84,-147.72,64.99,59,75,5.82,1596059103,US
La Concordia,13.2,-86.17,75.2,73,40,7.29,1596059167,NI
Severo-Kuril'sk,50.68,156.12,54.66,85,97,13.27,1596059167,RU
Stutterheim,-32.57,27.42,46.09,75,2,4.29,1596059168,ZA
Butaritari,3.07,172.79,83.01,75,36,18.1,1596059168,KI
Tiksi,71.69,128.87,40.06,86,100,7.81,1596059168,RU
Roald,62.58,6.13,57.99,87,53,6.93,1596059168,NO
Laas,46.62,10.7,64.4,88,20,2.24,1596059145,IT
Codrington,-38.27,141.97,45.05,87,46,5.44,1596059169,AU
Viedma,-40.81,-63.0,45.0,60,77,8.75,1596059169,AR
Whitehorse,60.72,-135.05,64.0,59,75,6.93,1596059089,CA
Bollène,44.28,4.75,84.2,45,2,4.7,1596059170,FR
Maceió,-9.67,-35.74,77.0,78,75,11.41,1596058950,BR
Sussex,41.18,-74.67,89.6,35,1,4.7,1596059170,US
Methóni,36.82,21.7,75.2,44,0,4.7,1596059170,GR
Pirgos,35.12,25.72,82.0,42,0,11.01,1596059171,GR
Bengkulu,-3.8,102.27,73.45,90,82,4.18,1596059171,ID
Mossamedes,-15.2,12.15,62.83,82,84,6.06,1596059171,AO
Ocampo,21.65,-101.5,69.28,62,99,7.76,1596059171,MX
Provideniya,64.38,-173.3,50.0,87,90,6.71,1596059171,RU
Hithadhoo,-0.6,73.08,82.13,80,57,16.06,1596059172,MV
Havelock,34.88,-76.9,82.99,88,20,6.93,1596058952,US
Saint Paul Harbor,57.79,-152.41,62.6,67,1,5.82,1596059172,US
Ulaangom,49.98,92.07,59.52,72,42,4.09,1596059172,MN
Pereslavl'-Zalesskiy,56.74,38.86,62.87,96,100,7.11,1596059173,RU
Alofi,-19.06,-169.92,73.4,69,75,10.29,1596059173,NU
Kahului,20.89,-156.47,87.8,48,40,24.16,1596058921,US
Isparta Province,38.0,31.0,80.6,34,0,11.41,1596059173,TR
Toora-Khem,52.47,96.11,49.06,84,0,1.7,1596059174,RU
Mahon,39.89,4.27,77.0,88,0,8.05,1596059174,ES
Buchanan,5.88,-10.05,77.0,83,75,5.82,1596059174,LR
Kysyl-Syr,63.9,122.76,51.35,66,23,5.86,1596059174,RU
Lubango,-14.92,13.49,54.07,56,0,3.33,1596059175,AO
Shellbrook,53.22,-106.4,86.0,45,40,12.75,1596059175,CA
Chatham,51.38,0.53,64.0,61,85,3.0,1596059175,GB
Santa Cruz Cabrália,-16.28,-39.02,73.4,69,20,8.05,1596059176,BR
Wahiawā,21.5,-158.02,86.0,61,75,8.05,1596059176,US
Rancho Palos Verdes,33.74,-118.39,73.99,73,20,16.11,1596059176,US
Faanui,-16.48,-151.75,79.54,78,100,18.75,1596059177,PF
Mehamn,71.04,27.85,53.6,81,0,10.29,1596059177,NO
Benguela,-12.58,13.41,70.77,77,91,5.35,1596059177,AO
Qaryat Sulūq,31.67,20.25,75.18,60,0,8.32,1596059178,LY
Yangjiang,21.85,111.97,79.88,86,97,3.89,1596059178,CN
Chapais,49.78,-74.85,69.8,73,1,5.82,1596059045,CA
Doha,25.29,51.53,96.8,67,1,2.24,1596059117,QA
Fare,-16.7,-151.02,79.65,76,100,19.69,1596059179,PF
Bredasdorp,-34.53,20.04,59.0,77,1,9.17,1596059179,ZA
Talnakh,69.49,88.4,57.2,71,44,8.95,1596059179,RU
Leningradskiy,69.38,178.42,43.0,70,16,12.62,1596059180,RU
Ituporanga,-27.41,-49.6,54.0,92,72,3.44,1596059180,BR
Norrköping,58.59,16.18,57.2,93,93,14.99,1596059062,SE
Outram,1.28,103.84,78.8,94,75,5.55,1596059180,MY
Necochea,-38.55,-58.74,46.0,79,0,1.99,1596058951,AR
Korla,41.76,86.15,75.06,37,94,14.7,1596059181,CN
Bethel,41.37,-73.41,90.0,55,1,9.17,1596059181,US
Cabo San Lucas,22.89,-109.91,87.01,42,75,11.41,1596059051,MX
Fort Nelson,58.81,-122.7,68.0,56,75,8.05,1596059182,CA
Bawku,11.06,-0.24,79.32,72,41,5.66,1596059182,GH
Pandan,14.05,124.17,79.23,87,100,8.61,1596059182,PH
Judenburg,47.17,14.67,64.4,93,60,2.24,1596059183,AT
Shihezi,44.3,86.03,74.26,41,100,5.66,1596059183,CN
Sept-Îles,50.2,-66.38,60.01,100,90,10.29,1596059183,CA
Owando,-0.48,15.9,74.73,79,97,2.89,1596059183,CG
Beringovskiy,63.05,179.32,54.79,79,91,7.9,1596059184,RU
Waitati,-45.75,170.57,48.0,74,99,14.0,1596059184,NZ
Alugan,12.22,125.48,77.95,85,100,4.43,1596059166,PH
Portland,45.52,-122.68,91.0,28,20,11.41,1596058967,US
Sabang,5.89,95.32,82.49,76,100,6.26,1596059185,ID
Merritt Island,28.54,-80.67,87.8,70,40,10.29,1596059185,US
Kargopol',61.51,38.95,61.56,98,100,2.51,1596059185,RU
Ocean City,39.28,-74.57,91.4,36,1,10.29,1596059186,US
Lagoa,39.05,-27.98,73.9,90,6,26.06,1596059186,PT
Pelym,61.01,62.0,54.0,96,100,6.08,1596059186,RU
Arak,34.09,49.69,74.62,29,68,1.07,1596059182,IR
Xining,36.62,101.77,58.53,64,84,3.42,1596059187,CN
Meulaboh,4.14,96.13,78.19,76,98,3.31,1596059187,ID
Padang,-0.95,100.35,77.29,74,99,4.29,1596059187,ID
Halifax,44.65,-63.57,81.0,73,75,5.82,1596059135,CA
Budogoshch',59.28,32.47,56.35,95,37,6.2,1596059188,RU
Lata,40.16,-8.33,66.0,94,0,2.55,1596059188,PT
Arrondissement de Vannes,47.83,-2.5,64.99,77,0,6.93,1596059189,FR
Sola,-13.88,167.55,80.6,94,90,19.3,1596059189,VU
Presque Isle,46.68,-68.02,80.6,65,1,8.05,1596059189,US
San Cristobal,7.77,-72.22,91.4,46,40,12.75,1596059190,VE
Port Blair,11.67,92.75,81.23,81,98,15.43,1596059190,IN
Baillif,16.02,-61.75,82.4,83,79,14.99,1596059190,GP
Dunedin,-45.87,170.5,48.0,76,99,7.0,1596059190,NZ
Salalah,17.02,54.09,80.6,100,75,5.82,1596059001,OM
Tecpan,14.76,-90.99,73.4,64,90,4.7,1596059191,GT
Phuthaditjhaba,-28.52,28.82,43.74,56,0,5.08,1596059191,ZA
Puerto Escondido,15.85,-97.07,84.56,74,69,7.07,1596059114,MX
Cidreira,-30.18,-50.21,46.67,74,0,5.77,1596059192,BR
Atasū,48.68,71.64,58.26,59,0,5.55,1596059192,KZ
Beira,-19.84,34.84,60.8,93,0,5.82,1596059192,MZ
Grindavik,63.84,-22.43,50.0,87,75,8.05,1596059192,IS
Narasannapeta,18.42,84.05,80.98,85,94,1.32,1596059193,IN
Oskarshamn,57.26,16.45,57.99,84,99,5.99,1596059193,SE
Albanel,48.88,-72.45,68.0,88,75,4.7,1596059193,CA
Aksarka,66.56,67.8,45.55,92,90,6.42,1596059193,RU
Pitimbu,-7.47,-34.81,73.4,94,75,8.05,1596059075,BR
Madang,-5.22,145.8,79.36,80,23,2.73,1596059194,PG
Kismayo,-0.36,42.55,77.58,84,24,15.79,1596059194,SO
Chinchiná,4.98,-75.6,72.59,74,10,1.5,1596059195,CO
Haines Junction,60.75,-137.51,71.71,45,47,3.44,1596059195,CA
Tual,-5.67,132.75,78.66,85,98,23.06,1596059195,ID
Carbonia,39.17,8.52,80.6,83,5,3.36,1596059196,IT
Guerrero Negro,27.98,-114.06,80.47,52,3,16.62,1596059196,MX
Tasiilaq,65.61,-37.64,44.6,70,71,6.93,1596059196,GL
Srīnivāspur,13.33,78.22,71.6,100,75,8.05,1596059196,IN
Dawlatabad,36.41,64.91,73.11,21,0,2.71,1596059197,AF
Touros,-5.2,-35.46,75.2,88,40,9.17,1596059197,BR
Nouadhibou,20.93,-17.03,71.6,83,1,18.34,1596059197,MR
Trairi,-3.28,-39.27,78.37,75,24,11.41,1596059198,BR
Beyneu,45.32,55.2,67.23,72,100,14.2,1596059198,KZ
East Stroudsburg,41.0,-75.18,89.01,34,0,3.0,1596059099,US
Nāzirā,26.92,94.73,74.77,96,100,3.36,1596059199,IN
Kavieng,-2.57,150.8,82.9,68,1,4.72,1596059199,PG
Imeni Poliny Osipenko,52.42,136.49,75.0,92,20,7.18,1596059200,RU
Maryville,35.76,-83.97,91.99,49,75,4.7,1596059200,US
Port Lincoln,-34.73,135.87,51.04,87,0,3.98,1596058936,AU
Waingapu,-9.66,120.26,70.45,83,0,9.53,1596059200,ID
Nuuk,64.18,-51.72,46.4,93,75,4.7,1596058910,GL
Husavik,66.04,-17.34,53.6,71,99,10.29,1596059201,IS
Sālūmbar,24.13,74.05,81.73,82,100,5.66,1596059201,IN
Isangel,-19.55,169.27,77.05,71,74,15.08,1596059202,VU
Pacific Grove,36.62,-121.92,71.6,56,1,9.17,1596059160,US
Zarubino,42.63,131.09,66.69,97,71,7.34,1596059202,RU
Dali,25.7,100.18,62.22,86,100,4.18,1596059202,CN
Sandwick,60.0,-1.25,51.8,87,98,19.46,1596059203,GB
Bāfq,31.61,55.41,79.41,19,0,2.86,1596059203,IR
Port Hardy,50.7,-127.42,64.4,63,40,5.82,1596059130,CA
Tessalit,20.2,1.01,97.32,15,3,7.43,1596059203,ML
Iralaya,15.0,-83.23,86.0,79,75,6.93,1596059204,HN
Dolgoderevenskoye,55.34,61.34,60.8,87,20,8.95,1596059204,RU
Ous,60.91,61.52,54.72,97,100,7.34,1596059204,RU
Buala,-8.14,159.59,83.23,69,69,2.66,1596059205,SB
Rome,43.21,-75.46,75.2,73,1,6.93,1596059165,US
Yong’an,39.7,113.69,67.35,80,95,4.45,1596059205,CN
Alice Springs,-23.7,133.88,35.6,51,0,5.82,1596059205,AU
Arua,3.02,30.91,62.51,92,3,3.06,1596059206,UG
La Ronge,55.1,-105.28,86.0,40,40,6.93,1596059206,CA
Östersund,63.18,14.64,53.6,100,98,3.36,1596059207,SE
Nikolskoye,59.7,30.79,59.0,82,1,4.47,1596059207,RU
Manokwari,-0.87,134.08,78.98,70,45,3.76,1596059208,ID
Pottstown,40.25,-75.65,91.0,38,1,6.93,1596059208,US
Aklavik,68.22,-135.01,53.6,81,75,3.36,1596059167,CA
Severo-Yeniseyskiy,60.37,93.04,53.89,92,97,4.16,1596059208,RU
Cardston,49.2,-113.3,87.8,45,20,6.93,1596059209,CA
Sungai Raya,0.7,108.9,76.93,89,91,9.8,1596059209,ID
Hasaki,35.73,140.83,68.0,94,75,9.17,1596059209,JP
Atbasar,51.8,68.33,58.32,80,63,3.44,1596059209,KZ
Bani Walid,31.76,13.99,73.15,68,0,7.29,1596059210,LY
Kieta,-6.22,155.63,82.54,69,81,1.52,1596059210,PG
Vermillion,42.78,-96.93,84.2,70,1,10.29,1596059210,US
Maniitsoq,65.42,-52.9,49.55,76,36,5.3,1596059211,GL
Catuday,16.29,119.81,79.68,84,100,5.46,1596059212,PH
Zyryanka,65.75,150.85,52.66,57,92,14.09,1596059212,RU
Suntar,62.14,117.63,53.37,81,90,3.53,1596059213,RU
Kumul,42.8,93.45,78.75,19,92,7.58,1596059213,CN
Neverkino,52.79,46.74,64.04,60,21,5.14,1596059213,RU
Port-Gentil,-0.72,8.78,75.2,88,90,14.79,1596059214,GA
Ilulissat,69.22,-51.1,44.6,75,20,4.7,1596059214,GL
Cayenne,4.93,-52.33,84.2,70,54,5.82,1596059207,GF
Felanitx,39.47,3.15,84.2,54,10,8.05,1596059215,ES
Ballina,-28.87,153.57,54.0,87,11,9.17,1596059165,AU
Muros,42.78,-9.06,73.4,64,0,3.36,1596059086,ES
São Félix do Xingu,-6.64,-51.99,78.87,40,3,1.81,1596059215,BR
Pokhara,28.23,83.98,70.9,81,97,0.51,1596059215,NP
Zhezkazgan,47.8,67.71,65.48,43,93,6.69,1596059184,KZ
Arāria,26.15,87.52,81.64,84,100,1.9,1596059216,IN
Inuvik,68.35,-133.72,50.0,87,75,5.82,1596059216,CA
Arraial do Cabo,-22.97,-42.03,71.6,83,75,12.75,1596059216,BR
Bogandé,12.97,-0.14,83.77,59,0,8.95,1596059217,BF
Bilibino,68.05,166.44,51.22,47,84,5.17,1596059217,RU
Maracaibo,10.63,-71.64,87.17,65,40,11.52,1596059029,VE
Tres Picos,15.87,-93.53,85.96,68,77,4.25,1596059217,MX
Marsh Harbour,26.54,-77.06,83.68,73,39,11.99,1596059218,BS
Namatanai,-3.67,152.43,82.4,74,34,6.08,1596059218,PG
Nguruka,-5.11,31.04,64.94,56,0,3.74,1596059218,TZ
Sartell,45.62,-94.21,81.0,42,20,5.82,1596059218,US
Northam,51.03,-4.22,60.01,88,95,4.92,1596059219,GB
Liwale,-9.77,37.93,67.3,65,39,1.9,1596059219,TZ
Cockburn Town,21.46,-71.14,86.0,70,20,18.34,1596059219,TC
Temoaya,19.47,-99.59,62.6,63,75,13.87,1596059220,MX
Khanpur,28.65,70.66,94.46,53,48,17.83,1596059220,PK
Big Rapids,43.7,-85.48,81.0,44,40,11.41,1596059220,US
Karaton,-6.34,106.1,75.2,83,20,3.36,1596059221,ID
Salisbury,51.07,-1.8,60.8,77,100,4.7,1596059112,GB
Dauriya,49.93,116.87,64.9,83,100,2.86,1596059221,RU
Brae,60.4,-1.35,51.8,87,99,19.46,1596059153,GB
Tete,-16.16,33.59,62.6,67,0,2.19,1596059221,MZ
Qasigiannguit,68.82,-51.19,44.6,75,20,4.7,1596059222,GL
Bay City,43.59,-83.89,79.0,69,90,11.41,1596059222,US
Chimoré,-16.98,-65.13,61.52,68,100,1.5,1596059222,BO
Ranong,9.97,98.63,80.71,79,96,5.97,1596059161,TH
San Rafael,-34.62,-68.33,53.28,40,27,11.23,1596059223,AR
Kochki,54.34,80.48,51.98,96,53,9.13,1596059223,RU
Nová Bystřice,49.02,15.1,59.0,83,0,1.99,1596059223,CZ
Zatoka,46.07,30.47,71.6,73,0,5.14,1596059224,UA
Benghazi,32.12,20.07,79.0,75,0,14.81,1596059224,LY
Bowen,-20.02,148.23,57.99,93,0,7.29,1596059045,AU
Anadyr,64.75,177.48,53.6,87,75,2.24,1596059225,RU
Miyako,39.64,141.95,68.47,80,2,6.04,1596059225,JP
Cherskiy,68.75,161.3,47.88,62,15,15.12,1596059225,RU
São Filipe,14.9,-24.5,77.9,85,38,5.06,1596059226,CV
Mambolo,8.92,-13.04,74.71,92,100,5.99,1596059226,SL
Kaset Sombun,16.28,101.95,76.44,82,79,2.71,1596059226,TH
Berlevåg,70.86,29.09,51.8,93,1,19.46,1596059226,NO
Popondetta,-8.75,148.25,77.86,90,50,0.98,1596059227,PG
Glenwood Springs,39.55,-107.32,89.6,17,1,14.99,1596059124,US
Abashiri,44.02,144.27,63.0,82,11,5.99,1596059227,JP
Weligama,5.97,80.42,77.83,90,92,11.21,1596059227,LK
Port-de-Bouc,43.4,4.98,80.6,65,0,2.24,1596059228,FR
Mahon,39.89,4.27,77.0,88,0,8.05,1596059174,ES
Atar,20.52,-13.05,93.4,28,0,15.82,1596059166,MR
Poli,-3.33,36.8,64.4,82,20,6.93,1596059228,TZ
Jardim,-21.48,-56.14,56.35,70,78,4.5,1596059229,BR
San Quintín,30.48,-115.95,74.71,63,1,15.32,1596059229,MX
Aripuanã,-9.17,-60.63,82.85,40,0,1.5,1596059229,BR
Srednekolymsk,67.45,153.68,51.44,60,94,11.45,1596059229,RU
Heze,35.24,115.44,73.62,91,22,5.53,1596059230,CN
Moerai,-22.43,-151.33,70.16,90,100,17.98,1596059230,PF
Borogontsy,62.67,131.17,57.42,56,0,4.97,1596059230,RU
Iqaluit,63.75,-68.51,71.6,43,40,21.92,1596059230,CA
Hambantota,6.12,81.12,75.2,100,75,4.7,1596059231,LK
Fortuna,40.6,-124.16,70.0,76,28,1.99,1596059231,US
Libertador General San Martín,-23.81,-64.79,61.0,39,0,3.74,1596059149,AR
Port Hedland,-20.32,118.57,53.6,46,0,5.82,1596059231,AU
Bilma,18.69,12.92,95.67,16,86,4.09,1596059232,NE
Linxia Chengguanzhen,35.6,103.21,63.68,73,74,2.66,1596059232,CN
Praia,14.92,-23.51,80.6,78,40,11.41,1596059232,CV
Banda Aceh,5.56,95.32,80.22,75,100,3.87,1596059232,ID
Darhan,49.49,105.92,60.44,87,85,3.15,1596059232,MN
San Francisco,37.77,-122.42,71.01,56,20,21.92,1596058955,US
Elko,41.0,-115.5,95.0,11,1,8.39,1596059233,US
Safranbolu,41.25,32.69,62.26,76,0,0.67,1596059233,TR
Dindori,22.95,81.08,75.07,87,100,3.22,1596059234,IN
Clyde,41.3,-82.98,87.8,45,20,17.22,1596059234,US
Aswān,24.09,32.91,97.34,25,29,10.6,1596059235,EG
Balkhash,46.84,74.98,68.16,52,0,9.62,1596059236,KZ
Te Anau,-45.42,167.72,49.39,84,100,4.0,1596059236,NZ
Sisimiut,66.94,-53.67,48.81,68,95,6.13,1596059236,GL
Ségou,13.43,-6.22,81.99,66,25,7.78,1596059236,ML
Constitución,-35.33,-72.42,50.7,67,98,4.32,1596059237,CL
Inhambane,-23.86,35.38,65.01,78,0,8.43,1596059237,MZ
Casablanca,33.59,-7.62,73.0,88,40,5.82,1596059115,MA
Karratha,-20.74,116.85,66.42,44,0,10.11,1596059238,AU
Storforshei,66.4,14.52,64.4,68,40,6.93,1596059079,NO
Guatire,10.48,-66.54,86.0,74,75,4.7,1596059238,VE
Qiqihar,47.34,123.97,70.74,84,69,6.31,1596059238,CN
Sydney,-33.87,151.21,53.6,76,40,9.17,1596058945,AU
Katobu,-4.94,122.53,70.97,85,21,3.78,1596059239,ID
Sitka,57.05,-135.33,62.6,77,1,4.7,1596059239,US
Kununurra,-15.77,128.73,68.0,40,0,10.29,1596059239,AU
Rawson,-43.3,-65.1,46.44,58,74,15.21,1596059239,AR
Berkakit,56.58,124.77,60.87,93,100,6.51,1596059240,RU
Kozhevnikovo,56.26,83.97,57.6,98,100,3.0,1596059240,RU
Vanimo,-2.67,141.3,79.41,81,9,5.66,1596059089,PG
Sulzbach-Rosenberg,49.5,11.75,62.01,71,1,0.76,1596059241,DE
Porto Santo,33.07,-16.34,69.8,77,75,12.75,1596059241,PT
Esmeralda,21.85,-78.12,89.6,66,20,17.22,1596059241,CU
Jackson,42.42,-122.83,100.0,20,1,10.29,1596059106,US
Samarinda,-0.5,117.15,72.39,96,100,3.89,1596059241,ID
Mayumba,-3.43,10.66,72.3,82,64,9.06,1596059242,GA
Ürümqi,43.8,87.6,71.6,64,89,11.18,1596059242,CN
Mpika,-11.83,31.45,56.19,70,7,7.76,1596059242,ZM
Fallon,39.47,-118.78,98.01,12,1,5.82,1596059243,US
Saint-Michel-des-Saints,46.68,-73.92,73.0,7,36,5.86,1596059243,CA
San Ramon,37.78,-121.98,91.0,22,1,13.87,1596059229,US
Hāgere Hiywet,8.98,37.85,59.23,83,98,2.91,1596059243,ET
Oranjemund,-28.55,16.43,54.93,84,0,15.1,1596059243,NA
Nome,64.5,-165.41,50.0,81,90,11.41,1596059244,US
Brylivka,46.42,33.15,71.55,69,0,1.36,1596059244,UA
Talcahuano,-36.72,-73.12,51.8,71,100,5.82,1596059244,CL
Destin,30.39,-86.5,82.4,78,90,6.93,1596059094,US
Bontang,0.13,117.5,76.62,89,100,11.97,1596059245,ID
Santiago de Chuco,-8.15,-78.18,62.04,34,17,2.91,1596059245,PE
Finnsnes,69.23,17.98,60.8,87,98,9.17,1596059245,NO
Deer Lake,49.17,-57.43,64.4,82,90,5.82,1596059217,CA
Philadelphia,39.95,-75.16,93.99,29,20,8.05,1596059246,US
Metro,-5.11,105.31,71.33,93,95,2.86,1596059246,ID
Palmerston,-12.49,130.98,62.6,39,0,5.82,1596059246,AU
Mahajanga,-15.72,46.32,73.38,73,57,1.03,1596059247,MG
Qandala,11.47,49.87,88.88,53,9,3.2,1596059247,SO
Arman',59.7,150.17,60.04,44,35,16.15,1596059247,RU
North Bend,43.41,-124.22,72.0,72,1,11.41,1596059248,US
Ximeicun,24.96,118.38,82.4,83,75,2.24,1596059248,CN
Bone,51.97,12.14,62.01,58,64,3.94,1596059248,DE
Morro Bay,35.37,-120.85,82.0,50,1,10.29,1596059006,US
Melfi,41.0,15.65,79.0,69,5,1.12,1596059249,IT
Quatre Cocos,-20.21,57.76,71.6,83,40,10.29,1596059249,MU
Abnūb,27.27,31.15,87.8,40,0,11.41,1596059249,EG
Luleå,65.58,22.15,60.8,93,100,5.82,1596059250,SE
Staroderevyankovskaya,46.13,38.97,71.69,52,0,5.66,1596059250,RU
Assiut,27.18,31.18,87.8,40,0,11.41,1596059250,EG
Itupiranga,-5.13,-49.33,91.4,33,78,3.36,1596059250,BR
Tiznit Province,29.58,-9.5,77.16,50,0,0.76,1596059251,MA
Airai,-8.93,125.41,52.07,62,41,3.53,1596059251,TL
Haileybury,47.45,-79.64,68.0,82,40,6.93,1596059251,CA
Marovoay,-16.1,46.63,70.74,81,79,3.11,1596059251,MG
Te Kauwhata,-37.4,175.15,53.6,76,100,3.36,1596059252,NZ
Ust-Nera,64.57,143.2,52.38,45,0,7.72,1596059252,RU
Byron Bay,-28.65,153.62,54.0,87,8,9.17,1596059252,AU
Skibbereen,51.55,-9.27,59.0,93,75,11.41,1596059075,IE
Blacksburg,37.23,-80.41,89.01,52,1,4.7,1596059205,US
Praia da Vitória,38.73,-27.07,77.0,78,40,16.91,1596059253,PT
Rabat,33.99,-6.84,73.4,78,75,9.17,1596059149,MA
Örnsköldsvik,63.29,18.72,53.6,100,100,3.36,1596059253,SE
Riyadh,24.69,46.72,95.0,28,33,2.24,1596059223,SA
Kabare,-2.47,28.82,62.96,65,41,0.18,1596059254,CD
Médéa,36.26,2.75,78.8,88,20,4.7,1596059254,DZ
Santa Rosa,14.31,121.11,77.0,100,100,2.75,1596059254,PH
Price,39.6,-110.81,93.2,12,1,16.11,1596059254,US
Shcherbynivka,48.39,37.79,70.54,46,9,2.19,1596059255,UA
Oistins,13.07,-59.53,84.2,79,40,19.46,1596059255,BB
Vigrestad,58.57,5.7,52.0,99,98,4.0,1596059255,NO
Tromsø,69.65,18.96,66.2,55,96,11.41,1596059229,NO
Dembī Dolo,8.53,34.8,56.5,97,99,2.51,1596059256,ET
Sibolga,1.74,98.78,75.96,74,100,5.3,1596059256,ID
Hamilton,39.18,-84.53,93.0,46,40,4.7,1596058960,US
Lázaro Cárdenas,17.96,-102.2,86.63,65,68,6.53,1596059235,MX
Mersing,2.43,103.84,75.2,100,100,4.7,1596059132,MY
Olinda,-8.01,-34.86,78.8,74,75,16.11,1596058983,BR
Pisco,-13.7,-76.22,64.4,72,8,8.05,1596059174,PE
Belvedere Marittimo,39.62,15.86,80.01,51,0,1.01,1596059257,IT
Klaksvík,62.23,-6.59,46.4,93,96,18.34,1596059257,FO
Keflavik,64.0,-22.56,53.6,87,75,8.05,1596059029,IS
Mae Hong Son,19.3,97.97,72.09,88,91,0.72,1596059118,TH
Freetown,8.48,-13.23,76.32,86,100,12.17,1596059258,SL
Huntingdon,52.33,-0.19,64.0,79,94,5.08,1596059259,GB
Stoholm,56.48,9.15,55.99,93,95,12.75,1596059259,DK
Yar-Sale,66.83,70.83,50.65,78,96,6.4,1596059259,RU
San Rafael del Sur,11.85,-86.44,85.75,69,21,8.66,1596059259,NI
Cochrane,51.18,-114.47,82.0,54,1,10.29,1596059147,CA
Ouésso,1.61,16.05,71.19,93,100,2.64,1596059260,CG
Strezhevoy,60.73,77.59,50.0,93,100,4.47,1596059260,RU
Terney,45.05,136.61,73.38,80,0,3.58,1596059223,RU
Ponta Delgada,37.73,-25.67,71.6,94,75,11.41,1596059260,PT
Zhangaözen,43.3,52.8,69.98,59,70,21.85,1596059261,KZ
Ternate,0.8,127.4,78.66,83,100,6.22,1596059261,ID
Bayt Yāfā,32.52,35.79,87.8,14,0,4.38,1596059261,JO
Görele,41.03,39.0,77.0,69,40,1.12,1596059261,TR
Yulara,-25.24,130.99,44.6,42,0,9.17,1596059262,AU
Kemin,42.78,75.69,58.78,59,0,6.17,1596059262,KG
Vao,-22.67,167.48,72.21,83,89,25.21,1596059262,NC
Fort Walton Beach,30.41,-86.62,82.4,88,90,5.82,1596059262,US
Peleduy,59.63,112.74,53.73,73,98,10.49,1596059262,RU
Pangnirtung,66.15,-65.71,53.6,87,75,4.7,1596059263,CA
Seydi,39.48,62.91,76.8,20,9,13.47,1596059263,TM
Iquique,-20.22,-70.14,60.8,67,20,8.05,1596059264,CL
Kitimat,54.05,-128.65,79.0,43,54,1.86,1596059264,CA
Sertânia,-8.07,-37.26,68.59,81,34,9.1,1596059264,BR
Launceston,-41.45,147.17,36.0,93,0,4.7,1596059264,AU
San Jerónimo,-11.95,-75.28,60.55,35,11,5.3,1596059265,PE
Road Town,18.42,-64.62,79.0,96,99,8.99,1596059139,VG
Bud,39.45,-86.18,87.01,56,1,1.21,1596059265,US
Linqiong,30.42,103.46,73.0,100,40,4.47,1596059265,CN
Moussoro,13.64,16.49,89.89,43,51,16.4,1596059266,TD
Banepā,27.63,85.52,71.6,94,75,2.24,1596059266,NP
Kendari,-3.94,122.5,71.76,86,87,3.87,1596059266,ID
Souillac,-20.52,57.52,71.6,83,40,10.29,1596059266,MU
Panelas,-8.66,-36.01,66.2,92,94,10.71,1596059267,BR
Batu,-7.87,112.53,57.85,89,72,1.21,1596059267,ID
Virginia Beach,36.85,-75.98,89.6,55,75,11.41,1596058970,US
Bambanglipuro,-7.95,110.28,70.07,82,39,4.36,1596059267,ID
Indramayu,-6.33,108.32,72.79,76,61,9.84,1596059267,ID
Härnösand,62.63,17.94,57.99,100,96,2.24,1596059036,SE
Tezu,27.92,96.17,74.17,87,100,3.42,1596059268,IN
Tazovsky,67.47,78.7,51.1,75,47,6.24,1596059268,RU
Susanville,40.42,-120.65,93.0,10,1,6.93,1596059268,US
Saint-Pierre,-21.34,55.48,66.2,88,28,4.7,1596059268,RE
Havøysund,71.0,24.66,66.2,63,83,8.05,1596059269,NO
Copiapó,-27.37,-70.33,55.4,76,40,16.11,1596059145,CL
Arrondissement de La Rochelle,46.25,-1.0,69.8,77,0,3.36,1596059269,FR
Vila Velha,-20.33,-40.29,79.0,73,20,4.7,1596059168,BR
Ust-Tsilma,65.44,52.15,47.37,78,0,4.65,1596059270,RU
Ketchikan,55.34,-131.65,64.4,68,1,9.17,1596059193,US
Kenai,60.55,-151.26,71.6,60,1,8.05,1596059270,US
Chapada dos Guimarães,-15.46,-55.75,84.2,37,61,9.17,1596059169,BR
Monmouth,40.3,-74.17,91.99,70,1,8.05,1596059033,US
Bangor,54.65,-5.67,55.99,93,100,6.93,1596059254,GB
São Gabriel da Cachoeira,-0.13,-67.09,79.5,87,17,2.17,1596059271,BR
Ochamchira,42.71,41.47,70.39,81,5,4.47,1596059271,GE
Boende,-0.22,20.87,75.22,78,100,2.98,1596059272,CD
Asău,46.43,26.4,66.0,85,6,4.34,1596059272,RO
Chernyshevskiy,63.01,112.47,52.3,83,0,6.8,1596059272,RU
Cuamba,-14.8,36.54,62.11,81,46,3.49,1596059272,MZ
Payo,-3.75,103.64,70.21,84,98,1.25,1596059273,ID
Iquitos,-3.75,-73.25,75.2,88,75,9.17,1596059273,PE
Thinadhoo,0.53,72.93,83.07,77,41,16.71,1596059273,MV
Omsukchan,62.53,155.8,45.91,76,96,10.87,1596059273,RU
Matale,7.47,80.62,71.71,91,96,5.77,1596059274,LK
Manzanillo,20.34,-77.12,91.24,61,64,14.16,1596059274,CU
Birjand,32.87,59.22,77.0,25,0,9.17,1596059274,IR
Avera,33.19,-82.53,89.6,66,90,12.75,1596059274,US
Porto-Novo,6.5,2.6,77.0,88,20,9.17,1596059274,BJ
Abhā,18.22,42.51,64.4,100,40,8.05,1596059275,SA
Kjøllefjord,70.95,27.35,53.6,81,0,10.29,1596059275,NO
Aitape,-3.14,142.35,79.05,79,2,4.36,1596059275,PG
Yerbogachën,61.28,108.01,53.44,84,91,8.7,1596059275,RU
Orange Cove,36.62,-119.31,95.0,34,1,5.48,1596059276,US
Noumea,-22.28,166.46,78.8,57,62,10.29,1596059276,NC
Eureka,40.8,-124.16,70.0,50,12,1.99,1596059232,US
Kudahuvadhoo,2.67,72.89,83.17,75,75,17.29,1596059276,MV
Vaitape,-16.52,-151.75,80.38,77,100,18.84,1596059276,PF
Lagos,6.58,3.75,77.0,88,20,3.36,1596059189,NG
Tarauacá,-8.16,-70.77,85.12,58,48,2.64,1596059277,BR
Botwood,49.15,-55.35,64.99,77,83,4.29,1596059277,CA
Lazi,48.07,24.23,64.76,80,77,1.81,1596059278,UA
‘Āhuimanu,21.44,-157.84,86.0,58,20,17.22,1596059278,US
Morón,-34.65,-58.62,52.0,51,0,1.01,1596059147,AR
Bathsheba,13.22,-59.52,84.2,79,40,19.46,1596059278,BB
Moses Lake,47.13,-119.28,96.8,18,1,9.17,1596059253,US
Goundam,16.41,-3.67,92.82,39,15,5.1,1596059279,ML
